<?xml version="1.0" encoding="UTF-8" standalone="no"?>
<project>
  <conf type="attributes">
    <name><![CDATA[root@GoogleCalendar]]></name>
    <description/>
    <archive><![CDATA[GoogleCalendar.jar]]></archive>
    <modifier><![CDATA[root]]></modifier>
    <modified><![CDATA[1481357544869]]></modified>
    <version><![CDATA[14]]></version>
    <extensions type="attributes">
      <folders type="list"/>
      <folderCreated type="attributes"/>
      <folderLastUpdated type="attributes"/>
      <id_ms00003b753thv1ojd4uudi6lhpp><![CDATA[0]]></id_ms00003b753thv1ojd4uudi6lhpp>
      <customLogicDefinition><![CDATA[<?xml version="1.0" encoding="UTF-8" standalone="no"?><palette type="project" version="2.3"/>]]></customLogicDefinition>
    </extensions>
  </conf>
  <entries type="attributes">
    <entry key="ms00003b753thv1ojd4uudi6lhpp" type="attributes">
      <name><![CDATA[getCalendar]]></name>
      <type><![CDATA[ScriptEntry]]></type>
      <description/>
      <version><![CDATA[13]]></version>
    </entry>
    <entry key="ke00003b753thv1ojd14eaimlhpp" type="attributes">
      <name><![CDATA[OAuth 2.0認証設定]]></name>
      <type><![CDATA[DataProcessingResourceConfigEntry]]></type>
      <description/>
      <version><![CDATA[0]]></version>
    </entry>
    <entry key="qs00003b753thv1ojdl4s30mlhpp" type="attributes">
      <name><![CDATA[REST接続設定]]></name>
      <type><![CDATA[DataProcessingResourceConfigEntry]]></type>
      <description/>
      <version><![CDATA[0]]></version>
    </entry>
  </entries>
</project>
